{
	"format_version": "1.10.0",
	"particle_effect": {
		"description": {
			"identifier": "wedit:selection_draw",
			"basic_render_parameters": {
				"material": "particles_alpha",
				"texture": "textures/particle/particles"
			}
		},
		"components": {
			"minecraft:emitter_rate_steady": {
				"spawn_rate": 100,
				"max_particles": 1
			},
			"minecraft:emitter_lifetime_once": {
				"active_time": 1
			},
			"minecraft:emitter_shape_point": {},
			"minecraft:particle_lifetime_expression": {
				"max_lifetime": 1
			},
			"minecraft:particle_appearance_billboard": {
				"size": [
					"math.pow(1.0 - variable.particle_age, 0.5) * 0.2",
					"math.pow(1.0 - variable.particle_age, 0.5) * 0.2"
				],
				"facing_camera_mode": "rotate_xyz",
				"uv": {
					"texture_width": 16,
					"texture_height": 16,
					"uv": [
						5,
						11
					],
					"uv_size": [
						1,
						1
					]
				}
			},
			"minecraft:particle_appearance_tinting": {
				"color": [
					1, 1, 1,
					"1.0 - variable.particle_age"
				]
			}
		}
	}
}