{
    "format_version": "1.16.100",
    "minecraft:item": {
        "description": {
            "identifier": "wedit:navigation_button",
            "category": "commands"
        },
        "components": {
            "minecraft:icon": {
                "texture": "navigation_wand",
                "frame": "0"
            },
            "minecraft:max_stack_size": 1,
            "minecraft:on_use": {
                "on_use": {
                    "event": "wedit:on_use"
                }
            }
        },
        "events": {
            "wedit:on_use": {}
        }
    }
}